,Kategoria,Grupa,Podgrupa (wymiary),Wymiar 1,Wymiar 2,Wymiar 3,Wymiar 4,Wymiar 5,Jednostka miary,1995,1996,1997,1998,1999,2000,2001,2002,2003,2004,2005,2006,2007,2008,2009,2010,2011,2012,2013,2014,2015,2016,2017,2018,2019,2020,2021,2022,Unnamed: 37
6375,LUDNOŚĆ,STAN LUDNOŚCI,"Ludność w wieku przedprodukcyjnym (14 lat i mniej), produkcyjnym i poprodukcyjnym wg płci (Wymiary: Wiek; Płeć)",ogółem,ogółem,,,,osoba,463019,462336,461354,458988,464358,462995,461885,461653,461011,459072,458053,456658,455717,455581,456591,460509,460517,460427,461531,461489,462249,463754,464254,466631,470907,470805,470621,,
6378,LUDNOŚĆ,STAN LUDNOŚCI,"Ludność w wieku przedprodukcyjnym (14 lat i mniej), produkcyjnym i poprodukcyjnym wg płci (Wymiary: Wiek; Płeć)",w wieku przedprodukcyjnym - 14 lat i mniej,ogółem,,,,osoba,86534,83418,80548,77146,73076,70113,67777,65733,63998,62496,61479,60414,60031,60303,61015,60779,61175,61651,62473,63324,64818,66728,68740,70804,72801,73959,74278,,
6381,LUDNOŚĆ,STAN LUDNOŚCI,"Ludność w wieku przedprodukcyjnym (14 lat i mniej), produkcyjnym i poprodukcyjnym wg płci (Wymiary: Wiek; Płeć)","w wieku produkcyjnym: 15-59 lat kobiety, 15-64 lata mężczyźni",ogółem,,,,osoba,311166,311928,312378,312170,319710,319987,319660,320480,320581,319231,318300,316200,313801,311180,309528,310814,307385,303608,300868,296735,292670,289250,285231,283653,284111,281812,281215,,
6384,LUDNOŚĆ,STAN LUDNOŚCI,"Ludność w wieku przedprodukcyjnym (14 lat i mniej), produkcyjnym i poprodukcyjnym wg płci (Wymiary: Wiek; Płeć)",w wieku poprodukcyjnym,ogółem,,,,osoba,65319,66990,68428,69672,71572,72895,74448,75440,76432,77345,78274,80044,81885,84098,86048,88916,91957,95168,98190,101430,104761,107776,110283,112174,113995,115034,115128,,
